video_id,youtube_url
-1ln9OXXCGQ,https://www.youtube.com/watch?v=-1ln9OXXCGQ
-6VEn1be2b0,https://www.youtube.com/watch?v=-6VEn1be2b0
-9ndd6wI7PQ,https://www.youtube.com/watch?v=-9ndd6wI7PQ
-G48OneCI9Y,https://www.youtube.com/watch?v=-G48OneCI9Y
-H7a2CHeNeo,https://www.youtube.com/watch?v=-H7a2CHeNeo
-Qxp7KVTMpg,https://www.youtube.com/watch?v=-Qxp7KVTMpg
-Vs57Qq2Y9Y,https://www.youtube.com/watch?v=-Vs57Qq2Y9Y
-_sf2PvTrS8,https://www.youtube.com/watch?v=-_sf2PvTrS8
-gYv1SWOn4s,https://www.youtube.com/watch?v=-gYv1SWOn4s
-iKjyR6VJoM,https://www.youtube.com/watch?v=-iKjyR6VJoM
-oKeIfLJn70,https://www.youtube.com/watch?v=-oKeIfLJn70
-qcVPXFJfec,https://www.youtube.com/watch?v=-qcVPXFJfec
-tn95OUHZcE,https://www.youtube.com/watch?v=-tn95OUHZcE
-u3loD1aOaE,https://www.youtube.com/watch?v=-u3loD1aOaE
007T9XKT_sE,https://www.youtube.com/watch?v=007T9XKT_sE
03TgBggahOQ,https://www.youtube.com/watch?v=03TgBggahOQ
06eT7ofZF-g,https://www.youtube.com/watch?v=06eT7ofZF-g
08YfNFs76O4,https://www.youtube.com/watch?v=08YfNFs76O4
0EljF8gPLOo,https://www.youtube.com/watch?v=0EljF8gPLOo
0IXOvvLt9r0,https://www.youtube.com/watch?v=0IXOvvLt9r0
0MLENS5OYcA,https://www.youtube.com/watch?v=0MLENS5OYcA
0NcvbzrhgQ0,https://www.youtube.com/watch?v=0NcvbzrhgQ0
0TwYGPRBYdI,https://www.youtube.com/watch?v=0TwYGPRBYdI
0faGOuTeBJA,https://www.youtube.com/watch?v=0faGOuTeBJA
0j3stvTDvjo,https://www.youtube.com/watch?v=0j3stvTDvjo
0nXk7TfN8W4,https://www.youtube.com/watch?v=0nXk7TfN8W4
0nenw3hVyvQ,https://www.youtube.com/watch?v=0nenw3hVyvQ
0pKwwsE6T8M,https://www.youtube.com/watch?v=0pKwwsE6T8M
0wSK29V0oGc,https://www.youtube.com/watch?v=0wSK29V0oGc
0xjnUYIw8Hk,https://www.youtube.com/watch?v=0xjnUYIw8Hk
14INRVa5p2c,https://www.youtube.com/watch?v=14INRVa5p2c
19Ec7YwiQb4,https://www.youtube.com/watch?v=19Ec7YwiQb4
1B1qTOZn1kw,https://www.youtube.com/watch?v=1B1qTOZn1kw
1IcgfLGYAa0,https://www.youtube.com/watch?v=1IcgfLGYAa0
1Lu7oThP9dU,https://www.youtube.com/watch?v=1Lu7oThP9dU
1OsJHzUB8O4,https://www.youtube.com/watch?v=1OsJHzUB8O4
1PGyRpapa-w,https://www.youtube.com/watch?v=1PGyRpapa-w
1QArU6QRSkg,https://www.youtube.com/watch?v=1QArU6QRSkg
1UpaCOnY4lM,https://www.youtube.com/watch?v=1UpaCOnY4lM
1WIgCeqIUfw,https://www.youtube.com/watch?v=1WIgCeqIUfw
1aOG93X34tg,https://www.youtube.com/watch?v=1aOG93X34tg
1eqMTsxmVvY,https://www.youtube.com/watch?v=1eqMTsxmVvY
1jIWH-IqBoU,https://www.youtube.com/watch?v=1jIWH-IqBoU
1qm3eBxVRfs,https://www.youtube.com/watch?v=1qm3eBxVRfs
1yu7-f5lO8w,https://www.youtube.com/watch?v=1yu7-f5lO8w
2-eKO00JGeQ,https://www.youtube.com/watch?v=2-eKO00JGeQ
23tARn1douQ,https://www.youtube.com/watch?v=23tARn1douQ
24CH5uwPCdY,https://www.youtube.com/watch?v=24CH5uwPCdY
2A0Csro7Ws8,https://www.youtube.com/watch?v=2A0Csro7Ws8
2Aomi9lfk3Q,https://www.youtube.com/watch?v=2Aomi9lfk3Q
2D7eAGT-Mwc,https://www.youtube.com/watch?v=2D7eAGT-Mwc
2N3ezizaWFc,https://www.youtube.com/watch?v=2N3ezizaWFc
2RGtMNZ9YPg,https://www.youtube.com/watch?v=2RGtMNZ9YPg
2YZy_yw8DdU,https://www.youtube.com/watch?v=2YZy_yw8DdU
2YyArjM9dCI,https://www.youtube.com/watch?v=2YyArjM9dCI
2Z5BFc_p8Nc,https://www.youtube.com/watch?v=2Z5BFc_p8Nc
2ssYhY5G7vQ,https://www.youtube.com/watch?v=2ssYhY5G7vQ
2um9dptuOjo,https://www.youtube.com/watch?v=2um9dptuOjo
3-3YDub6TpI,https://www.youtube.com/watch?v=3-3YDub6TpI
3E2RRCqRr8w,https://www.youtube.com/watch?v=3E2RRCqRr8w
3N3VhlL-BH0,https://www.youtube.com/watch?v=3N3VhlL-BH0
3PoFuLu6gfU,https://www.youtube.com/watch?v=3PoFuLu6gfU
3_AF5hDYzqo,https://www.youtube.com/watch?v=3_AF5hDYzqo
3eCI8t50mUo,https://www.youtube.com/watch?v=3eCI8t50mUo
3oW1TjO-ZBo,https://www.youtube.com/watch?v=3oW1TjO-ZBo
3ueo6TXNs3E,https://www.youtube.com/watch?v=3ueo6TXNs3E
3woYJ52j0Fw,https://www.youtube.com/watch?v=3woYJ52j0Fw
3ws7w7ZqC2U,https://www.youtube.com/watch?v=3ws7w7ZqC2U
3ymAcXz78Wk,https://www.youtube.com/watch?v=3ymAcXz78Wk
41qGgdX350E,https://www.youtube.com/watch?v=41qGgdX350E
49DTvUBlUcI,https://www.youtube.com/watch?v=49DTvUBlUcI
4IdwSD2bQqI,https://www.youtube.com/watch?v=4IdwSD2bQqI
4MJpX7WsatE,https://www.youtube.com/watch?v=4MJpX7WsatE
4QXzCLPoTdU,https://www.youtube.com/watch?v=4QXzCLPoTdU
4RijGn_908I,https://www.youtube.com/watch?v=4RijGn_908I
4SL15v9o_pM,https://www.youtube.com/watch?v=4SL15v9o_pM
4Th08ASReCc,https://www.youtube.com/watch?v=4Th08ASReCc
4aLy3mDjWCM,https://www.youtube.com/watch?v=4aLy3mDjWCM
4b6Y7CatZlg,https://www.youtube.com/watch?v=4b6Y7CatZlg
4bG-Bp0J_SY,https://www.youtube.com/watch?v=4bG-Bp0J_SY
4hFZDyGOBKg,https://www.youtube.com/watch?v=4hFZDyGOBKg
4nDHnq061vw,https://www.youtube.com/watch?v=4nDHnq061vw
4r2C5vBo2Iw,https://www.youtube.com/watch?v=4r2C5vBo2Iw
4u7UUN3nxyg,https://www.youtube.com/watch?v=4u7UUN3nxyg
4w7KLPZXEQg,https://www.youtube.com/watch?v=4w7KLPZXEQg
4zkp4VTFvAE,https://www.youtube.com/watch?v=4zkp4VTFvAE
5-XbMTY30Qc,https://www.youtube.com/watch?v=5-XbMTY30Qc
52U48xsfGHw,https://www.youtube.com/watch?v=52U48xsfGHw
5583g8ae4Ys,https://www.youtube.com/watch?v=5583g8ae4Ys
5DP1FeRCA-U,https://www.youtube.com/watch?v=5DP1FeRCA-U
5EYND0RKuZ0,https://www.youtube.com/watch?v=5EYND0RKuZ0
5HDZXcr-oro,https://www.youtube.com/watch?v=5HDZXcr-oro
5K1oOlB5h8Q,https://www.youtube.com/watch?v=5K1oOlB5h8Q
5PhF04aB7VU,https://www.youtube.com/watch?v=5PhF04aB7VU
5R4-ZOdO2Oc,https://www.youtube.com/watch?v=5R4-ZOdO2Oc
5VenPCFCShU,https://www.youtube.com/watch?v=5VenPCFCShU
5YJ8YHzETxs,https://www.youtube.com/watch?v=5YJ8YHzETxs
5_fSBMCo-Q8,https://www.youtube.com/watch?v=5_fSBMCo-Q8
5clAuLTAuls,https://www.youtube.com/watch?v=5clAuLTAuls
5ibNbbEkelU,https://www.youtube.com/watch?v=5ibNbbEkelU
5jNiwwj8dZs,https://www.youtube.com/watch?v=5jNiwwj8dZs
5k_6jHgUSnM,https://www.youtube.com/watch?v=5k_6jHgUSnM
5l-X6Q10b_k,https://www.youtube.com/watch?v=5l-X6Q10b_k
5mWZLDJ9Gro,https://www.youtube.com/watch?v=5mWZLDJ9Gro
5t5O2r4GYO0,https://www.youtube.com/watch?v=5t5O2r4GYO0
63ZiaPm8j9Q,https://www.youtube.com/watch?v=63ZiaPm8j9Q
66-X-4gbP5k,https://www.youtube.com/watch?v=66-X-4gbP5k
66Lf-Bf66Io,https://www.youtube.com/watch?v=66Lf-Bf66Io
67sqj-FZUcc,https://www.youtube.com/watch?v=67sqj-FZUcc
69SViXfWbWo,https://www.youtube.com/watch?v=69SViXfWbWo
6Ag-8zz--WQ,https://www.youtube.com/watch?v=6Ag-8zz--WQ
6B1TLvhl2oc,https://www.youtube.com/watch?v=6B1TLvhl2oc
6DcRd6L85IM,https://www.youtube.com/watch?v=6DcRd6L85IM
6I2w7eV03wU,https://www.youtube.com/watch?v=6I2w7eV03wU
6IoOcn2QVhU,https://www.youtube.com/watch?v=6IoOcn2QVhU
6NsuFpPVYeI,https://www.youtube.com/watch?v=6NsuFpPVYeI
6OXF5WV-kIo,https://www.youtube.com/watch?v=6OXF5WV-kIo
6QKB8XnVUpo,https://www.youtube.com/watch?v=6QKB8XnVUpo
6QQCuLgcqDo,https://www.youtube.com/watch?v=6QQCuLgcqDo
6QXupezqnfY,https://www.youtube.com/watch?v=6QXupezqnfY
6Q_rji4VJaU,https://www.youtube.com/watch?v=6Q_rji4VJaU
6Z0wSPuXT_0,https://www.youtube.com/watch?v=6Z0wSPuXT_0
6_JXdgQUOsE,https://www.youtube.com/watch?v=6_JXdgQUOsE
6fpwTudT17g,https://www.youtube.com/watch?v=6fpwTudT17g
6frDYHNqc0Q,https://www.youtube.com/watch?v=6frDYHNqc0Q
6mHvmCuXCIY,https://www.youtube.com/watch?v=6mHvmCuXCIY
6oosrsfiLJE,https://www.youtube.com/watch?v=6oosrsfiLJE
6uQyBGZf6Yo,https://www.youtube.com/watch?v=6uQyBGZf6Yo
6z4HpIyf4MM,https://www.youtube.com/watch?v=6z4HpIyf4MM
70xG35USajk,https://www.youtube.com/watch?v=70xG35USajk
72ckg0ZOUoo,https://www.youtube.com/watch?v=72ckg0ZOUoo
76tt6qk49vc,https://www.youtube.com/watch?v=76tt6qk49vc
78F2m5RCyvQ,https://www.youtube.com/watch?v=78F2m5RCyvQ
7APpZTWdSh8,https://www.youtube.com/watch?v=7APpZTWdSh8
7CN1OzZnW_U,https://www.youtube.com/watch?v=7CN1OzZnW_U
7JT3GjUuew0,https://www.youtube.com/watch?v=7JT3GjUuew0
7Nttn9LRjoc,https://www.youtube.com/watch?v=7Nttn9LRjoc
7SDvT7VBsGc,https://www.youtube.com/watch?v=7SDvT7VBsGc
7Tl-usWkhxU,https://www.youtube.com/watch?v=7Tl-usWkhxU
7_6BbyZOQtw,https://www.youtube.com/watch?v=7_6BbyZOQtw
7_Jl7HN4mB4,https://www.youtube.com/watch?v=7_Jl7HN4mB4
7eEUCYhFxeo,https://www.youtube.com/watch?v=7eEUCYhFxeo
7hIJjD5a90Y,https://www.youtube.com/watch?v=7hIJjD5a90Y
7pR6g8SgvR0,https://www.youtube.com/watch?v=7pR6g8SgvR0
7s67L5HGw3I,https://www.youtube.com/watch?v=7s67L5HGw3I
7udM85-3thQ,https://www.youtube.com/watch?v=7udM85-3thQ
7uun9IKsssg,https://www.youtube.com/watch?v=7uun9IKsssg
7x5Y-x2Xkac,https://www.youtube.com/watch?v=7x5Y-x2Xkac
7yjbPSJ6pZI,https://www.youtube.com/watch?v=7yjbPSJ6pZI
85QNMMnQSAs,https://www.youtube.com/watch?v=85QNMMnQSAs
86Zln5yOU24,https://www.youtube.com/watch?v=86Zln5yOU24
8A0AzLc2FKg,https://www.youtube.com/watch?v=8A0AzLc2FKg
8MM1w41h_G8,https://www.youtube.com/watch?v=8MM1w41h_G8
8PJjfdg98xw,https://www.youtube.com/watch?v=8PJjfdg98xw
8RFPpdKdJgk,https://www.youtube.com/watch?v=8RFPpdKdJgk
8UJsT1XAY4I,https://www.youtube.com/watch?v=8UJsT1XAY4I
8WYaIFzG2a4,https://www.youtube.com/watch?v=8WYaIFzG2a4
8XsYJ8S-ydc,https://www.youtube.com/watch?v=8XsYJ8S-ydc
8Ywn0el-rXU,https://www.youtube.com/watch?v=8Ywn0el-rXU
8aRlGsjtdbQ,https://www.youtube.com/watch?v=8aRlGsjtdbQ
8bGI9dZ1mzs,https://www.youtube.com/watch?v=8bGI9dZ1mzs
8bIvKJgNp2Q,https://www.youtube.com/watch?v=8bIvKJgNp2Q
8c7IdHtZt_g,https://www.youtube.com/watch?v=8c7IdHtZt_g
8cIfn7RPDys,https://www.youtube.com/watch?v=8cIfn7RPDys
8eyEFbhRgPU,https://www.youtube.com/watch?v=8eyEFbhRgPU
8iQ2gVpd6Mo,https://www.youtube.com/watch?v=8iQ2gVpd6Mo
8jtsUxg5TOI,https://www.youtube.com/watch?v=8jtsUxg5TOI
8v-eNjGs3WY,https://www.youtube.com/watch?v=8v-eNjGs3WY
8va89owg-Yw,https://www.youtube.com/watch?v=8va89owg-Yw
9-jaIj6BZMw,https://www.youtube.com/watch?v=9-jaIj6BZMw
92o3bnDY7Xc,https://www.youtube.com/watch?v=92o3bnDY7Xc
9A4B_2jWAsY,https://www.youtube.com/watch?v=9A4B_2jWAsY
9BD8DlZB5OQ,https://www.youtube.com/watch?v=9BD8DlZB5OQ
9BlUl19a4Qw,https://www.youtube.com/watch?v=9BlUl19a4Qw
9EY7l3oeTgQ,https://www.youtube.com/watch?v=9EY7l3oeTgQ
9I9zIJ66GiY,https://www.youtube.com/watch?v=9I9zIJ66GiY
9O-NeTv4XxE,https://www.youtube.com/watch?v=9O-NeTv4XxE
9Sh4Pl3IbBA,https://www.youtube.com/watch?v=9Sh4Pl3IbBA
9aQKbjXTIPs,https://www.youtube.com/watch?v=9aQKbjXTIPs
9cMl0BK6zrg,https://www.youtube.com/watch?v=9cMl0BK6zrg
9rZ8eZtuU2o,https://www.youtube.com/watch?v=9rZ8eZtuU2o
9zdFYnt9pmU,https://www.youtube.com/watch?v=9zdFYnt9pmU
A-hyyRv8ms8,https://www.youtube.com/watch?v=A-hyyRv8ms8
A3OpG6AeFRs,https://www.youtube.com/watch?v=A3OpG6AeFRs
ABHffvY32HU,https://www.youtube.com/watch?v=ABHffvY32HU
AFsG2JP3uyc,https://www.youtube.com/watch?v=AFsG2JP3uyc
AGq_Fn0bWEY,https://www.youtube.com/watch?v=AGq_Fn0bWEY
AOV67dbwdvg,https://www.youtube.com/watch?v=AOV67dbwdvg
APGfIJj1LHc,https://www.youtube.com/watch?v=APGfIJj1LHc
AUn_AqPMCy4,https://www.youtube.com/watch?v=AUn_AqPMCy4
A_vM7HR6ES0,https://www.youtube.com/watch?v=A_vM7HR6ES0
AaAI0nM7mg8,https://www.youtube.com/watch?v=AaAI0nM7mg8
AcPq-jlwF1Y,https://www.youtube.com/watch?v=AcPq-jlwF1Y
Ada8BhAvd0I,https://www.youtube.com/watch?v=Ada8BhAvd0I
Afd0GobMMXc,https://www.youtube.com/watch?v=Afd0GobMMXc
AqHf-ajYde8,https://www.youtube.com/watch?v=AqHf-ajYde8
AtXbnGVQURI,https://www.youtube.com/watch?v=AtXbnGVQURI
AvhkpBfF9qc,https://www.youtube.com/watch?v=AvhkpBfF9qc
Ax8T7ZJpaxo,https://www.youtube.com/watch?v=Ax8T7ZJpaxo
AxVmcPyGhVE,https://www.youtube.com/watch?v=AxVmcPyGhVE
AzD83pTd38E,https://www.youtube.com/watch?v=AzD83pTd38E
B0mp8A2CwIw,https://www.youtube.com/watch?v=B0mp8A2CwIw
B33MZ4AmtwY,https://www.youtube.com/watch?v=B33MZ4AmtwY
B5hbaTGbyUk,https://www.youtube.com/watch?v=B5hbaTGbyUk
BDvCC1TqhME,https://www.youtube.com/watch?v=BDvCC1TqhME
BHLasI0xL1o,https://www.youtube.com/watch?v=BHLasI0xL1o
BIxL_VThMNk,https://www.youtube.com/watch?v=BIxL_VThMNk
BJY9oviF4uQ,https://www.youtube.com/watch?v=BJY9oviF4uQ
BJrXMwNM58g,https://www.youtube.com/watch?v=BJrXMwNM58g
BPSDM-K6vEE,https://www.youtube.com/watch?v=BPSDM-K6vEE
BQCtepBaUtQ,https://www.youtube.com/watch?v=BQCtepBaUtQ
BRaTjnoRpdg,https://www.youtube.com/watch?v=BRaTjnoRpdg
BU0YHWbsjZA,https://www.youtube.com/watch?v=BU0YHWbsjZA
BUJlIShyojw,https://www.youtube.com/watch?v=BUJlIShyojw
BbrvxbscaGk,https://www.youtube.com/watch?v=BbrvxbscaGk
BfiNNo7CAJU,https://www.youtube.com/watch?v=BfiNNo7CAJU
BiiDNrBSwew,https://www.youtube.com/watch?v=BiiDNrBSwew
BjzAFuOnQ70,https://www.youtube.com/watch?v=BjzAFuOnQ70
Bo0Ra8O5EOA,https://www.youtube.com/watch?v=Bo0Ra8O5EOA
BwfFDR1B5Lw,https://www.youtube.com/watch?v=BwfFDR1B5Lw
C0kSXKNUM1U,https://www.youtube.com/watch?v=C0kSXKNUM1U
C6umfXTYwWA,https://www.youtube.com/watch?v=C6umfXTYwWA
CC4P12E7Dic,https://www.youtube.com/watch?v=CC4P12E7Dic
CF13xsoeQPs,https://www.youtube.com/watch?v=CF13xsoeQPs
CXh1WelOLYc,https://www.youtube.com/watch?v=CXh1WelOLYc
CXse72HeG6k,https://www.youtube.com/watch?v=CXse72HeG6k
ChjLDeN88sY,https://www.youtube.com/watch?v=ChjLDeN88sY
CvdQbExv0q0,https://www.youtube.com/watch?v=CvdQbExv0q0
CzNineSSiV8,https://www.youtube.com/watch?v=CzNineSSiV8
CzbG247Nhhs,https://www.youtube.com/watch?v=CzbG247Nhhs
D-Nq97GeTmY,https://www.youtube.com/watch?v=D-Nq97GeTmY
D3r_szyZXXw,https://www.youtube.com/watch?v=D3r_szyZXXw
D54GZSEGIFQ,https://www.youtube.com/watch?v=D54GZSEGIFQ
D6aj8f5YNnc,https://www.youtube.com/watch?v=D6aj8f5YNnc
DAdUVv-wzrc,https://www.youtube.com/watch?v=DAdUVv-wzrc
DCKBYiKs62s,https://www.youtube.com/watch?v=DCKBYiKs62s
DH4Q90iWWAY,https://www.youtube.com/watch?v=DH4Q90iWWAY
DNNs_O9da8A,https://www.youtube.com/watch?v=DNNs_O9da8A
DPc8irpOSIc,https://www.youtube.com/watch?v=DPc8irpOSIc
DQ3FZYjcyVg,https://www.youtube.com/watch?v=DQ3FZYjcyVg
DTzFGx9Z66c,https://www.youtube.com/watch?v=DTzFGx9Z66c
DUEAfs1B_iM,https://www.youtube.com/watch?v=DUEAfs1B_iM
DWN8LkcJOV0,https://www.youtube.com/watch?v=DWN8LkcJOV0
DaQ3zp8bg5o,https://www.youtube.com/watch?v=DaQ3zp8bg5o
DeJ4fa5CAhQ,https://www.youtube.com/watch?v=DeJ4fa5CAhQ
Dg-Pn7Ga-8s,https://www.youtube.com/watch?v=Dg-Pn7Ga-8s
DiR2VWLO8mY,https://www.youtube.com/watch?v=DiR2VWLO8mY
DiykNPw99gI,https://www.youtube.com/watch?v=DiykNPw99gI
DqZKWkxaFd0,https://www.youtube.com/watch?v=DqZKWkxaFd0
DsU8Rc1wU84,https://www.youtube.com/watch?v=DsU8Rc1wU84
Dul848LMqC4,https://www.youtube.com/watch?v=Dul848LMqC4
E1gPF_vQNCE,https://www.youtube.com/watch?v=E1gPF_vQNCE
E3OHshJ5f_w,https://www.youtube.com/watch?v=E3OHshJ5f_w
E70d6w_Q7Us,https://www.youtube.com/watch?v=E70d6w_Q7Us
EDkR6PvPRW0,https://www.youtube.com/watch?v=EDkR6PvPRW0
EFFxdcA_5Rk,https://www.youtube.com/watch?v=EFFxdcA_5Rk
ERBBYXssDbI,https://www.youtube.com/watch?v=ERBBYXssDbI
ET2c6ff7fHk,https://www.youtube.com/watch?v=ET2c6ff7fHk
ET7F_ncMQPc,https://www.youtube.com/watch?v=ET7F_ncMQPc
E_S3hWPl4_E,https://www.youtube.com/watch?v=E_S3hWPl4_E
EbDaGaoKzvs,https://www.youtube.com/watch?v=EbDaGaoKzvs
EbQOVrmvoC4,https://www.youtube.com/watch?v=EbQOVrmvoC4
Ec5nIUAY344,https://www.youtube.com/watch?v=Ec5nIUAY344
Ee0yVQDlgNk,https://www.youtube.com/watch?v=Ee0yVQDlgNk
EjOY_BzCRP8,https://www.youtube.com/watch?v=EjOY_BzCRP8
EnlsNxQXX4w,https://www.youtube.com/watch?v=EnlsNxQXX4w
EpqporKxU84,https://www.youtube.com/watch?v=EpqporKxU84
Eux_joHcmcY,https://www.youtube.com/watch?v=Eux_joHcmcY
F-ZfPb63Go0,https://www.youtube.com/watch?v=F-ZfPb63Go0
F2xb7FjyK3M,https://www.youtube.com/watch?v=F2xb7FjyK3M
F9n9cylNfQk,https://www.youtube.com/watch?v=F9n9cylNfQk
FBb8_G8W9bQ,https://www.youtube.com/watch?v=FBb8_G8W9bQ
FCUKXWCkdhM,https://www.youtube.com/watch?v=FCUKXWCkdhM
FOjSapwjrGA,https://www.youtube.com/watch?v=FOjSapwjrGA
FVaYV1QDnIs,https://www.youtube.com/watch?v=FVaYV1QDnIs
FXIjVE9voaE,https://www.youtube.com/watch?v=FXIjVE9voaE
FhGwM9QftSU,https://www.youtube.com/watch?v=FhGwM9QftSU
FhHJ_4xBls8,https://www.youtube.com/watch?v=FhHJ_4xBls8
FmlSmVW95B4,https://www.youtube.com/watch?v=FmlSmVW95B4
FrpXedycmZs,https://www.youtube.com/watch?v=FrpXedycmZs
FvH5D8WLaJQ,https://www.youtube.com/watch?v=FvH5D8WLaJQ
FyLYcCMfztI,https://www.youtube.com/watch?v=FyLYcCMfztI
Fz2wlDBKVN0,https://www.youtube.com/watch?v=Fz2wlDBKVN0
G7h-RvW_0vI,https://www.youtube.com/watch?v=G7h-RvW_0vI
G8nGeezXZZo,https://www.youtube.com/watch?v=G8nGeezXZZo
GALbyJ5keaU,https://www.youtube.com/watch?v=GALbyJ5keaU
GBn5zm64HRs,https://www.youtube.com/watch?v=GBn5zm64HRs
GKxlew9XJ9w,https://www.youtube.com/watch?v=GKxlew9XJ9w
GNJPBUCVEmY,https://www.youtube.com/watch?v=GNJPBUCVEmY
GYSOXjxRdfA,https://www.youtube.com/watch?v=GYSOXjxRdfA
GdGHAutf_0s,https://www.youtube.com/watch?v=GdGHAutf_0s
GoEvamYt1AM,https://www.youtube.com/watch?v=GoEvamYt1AM
Gp0T2cs-HtE,https://www.youtube.com/watch?v=Gp0T2cs-HtE
GuDRKOslFr4,https://www.youtube.com/watch?v=GuDRKOslFr4
GyENBsBKqMU,https://www.youtube.com/watch?v=GyENBsBKqMU
H0WfIG4T_SQ,https://www.youtube.com/watch?v=H0WfIG4T_SQ
H89qr7u5Vks,https://www.youtube.com/watch?v=H89qr7u5Vks
HBRgcpfOLxA,https://www.youtube.com/watch?v=HBRgcpfOLxA
HCloKzz8vDs,https://www.youtube.com/watch?v=HCloKzz8vDs
HFCtNKRXf7E,https://www.youtube.com/watch?v=HFCtNKRXf7E
HJVCa_Yw7co,https://www.youtube.com/watch?v=HJVCa_Yw7co
HNGw4Xhs3Sw,https://www.youtube.com/watch?v=HNGw4Xhs3Sw
HPLgIcZZdx4,https://www.youtube.com/watch?v=HPLgIcZZdx4
HZ2AT8M48ss,https://www.youtube.com/watch?v=HZ2AT8M48ss
Ha1p9ZTb2xA,https://www.youtube.com/watch?v=Ha1p9ZTb2xA
HbCkswCCdv0,https://www.youtube.com/watch?v=HbCkswCCdv0
Hd8FOJ3CeRA,https://www.youtube.com/watch?v=Hd8FOJ3CeRA
HlsuJqsC4W0,https://www.youtube.com/watch?v=HlsuJqsC4W0
HmmBMAih_o8,https://www.youtube.com/watch?v=HmmBMAih_o8
HnoK5ydKkHI,https://www.youtube.com/watch?v=HnoK5ydKkHI
HzRnnG_fGIk,https://www.youtube.com/watch?v=HzRnnG_fGIk
I0SVPT-Zxv8,https://www.youtube.com/watch?v=I0SVPT-Zxv8
I1zFxRTNdhU,https://www.youtube.com/watch?v=I1zFxRTNdhU
I48j1uXnE8U,https://www.youtube.com/watch?v=I48j1uXnE8U
IKOHhmolIW0,https://www.youtube.com/watch?v=IKOHhmolIW0
IKeUBaHFX9k,https://www.youtube.com/watch?v=IKeUBaHFX9k
INvAsKFcOJ0,https://www.youtube.com/watch?v=INvAsKFcOJ0
IUPL9OWuiMU,https://www.youtube.com/watch?v=IUPL9OWuiMU
IXlGL6i5Prg,https://www.youtube.com/watch?v=IXlGL6i5Prg
Iip4kuUeK3A,https://www.youtube.com/watch?v=Iip4kuUeK3A
IkTUH523pVY,https://www.youtube.com/watch?v=IkTUH523pVY
IkeGGatVPGw,https://www.youtube.com/watch?v=IkeGGatVPGw
IlyHV0zOIlM,https://www.youtube.com/watch?v=IlyHV0zOIlM
IwVxONoGpz0,https://www.youtube.com/watch?v=IwVxONoGpz0
J-Xe24bpAfI,https://www.youtube.com/watch?v=J-Xe24bpAfI
J3g_vF2gMpM,https://www.youtube.com/watch?v=J3g_vF2gMpM
JGbS-q28TXU,https://www.youtube.com/watch?v=JGbS-q28TXU
JIuHlFm7aZg,https://www.youtube.com/watch?v=JIuHlFm7aZg
JQJoT7krUV4,https://www.youtube.com/watch?v=JQJoT7krUV4
JRVLGXa5siI,https://www.youtube.com/watch?v=JRVLGXa5siI
JbXewLyftgk,https://www.youtube.com/watch?v=JbXewLyftgk
JpHe0WaQL_k,https://www.youtube.com/watch?v=JpHe0WaQL_k
JpZybVPjUAk,https://www.youtube.com/watch?v=JpZybVPjUAk
JvEzIWAYPAY,https://www.youtube.com/watch?v=JvEzIWAYPAY
JvtlbZDz2N8,https://www.youtube.com/watch?v=JvtlbZDz2N8
JxB-IrprvM0,https://www.youtube.com/watch?v=JxB-IrprvM0
K5rzvmU0khs,https://www.youtube.com/watch?v=K5rzvmU0khs
K6DZsWx0wt0,https://www.youtube.com/watch?v=K6DZsWx0wt0
K7eHX8c-ojA,https://www.youtube.com/watch?v=K7eHX8c-ojA
K8xOnr57TSE,https://www.youtube.com/watch?v=K8xOnr57TSE
KJXDJFIb6oI,https://www.youtube.com/watch?v=KJXDJFIb6oI
KR9kQYtEfSk,https://www.youtube.com/watch?v=KR9kQYtEfSk
K_d40no-YnU,https://www.youtube.com/watch?v=K_d40no-YnU
Kj0IbWNGMMM,https://www.youtube.com/watch?v=Kj0IbWNGMMM
Kp2dbumf958,https://www.youtube.com/watch?v=Kp2dbumf958
KxZN3tuX63M,https://www.youtube.com/watch?v=KxZN3tuX63M
KzoccbLyyYw,https://www.youtube.com/watch?v=KzoccbLyyYw
L05iMeexXy4,https://www.youtube.com/watch?v=L05iMeexXy4
L0OqxtlEQts,https://www.youtube.com/watch?v=L0OqxtlEQts
L3c1f_ZmLqk,https://www.youtube.com/watch?v=L3c1f_ZmLqk
L43KpP3L0mk,https://www.youtube.com/watch?v=L43KpP3L0mk
L5Y90oGsgmE,https://www.youtube.com/watch?v=L5Y90oGsgmE
L6WNT3nRss4,https://www.youtube.com/watch?v=L6WNT3nRss4
LDUw3-PaA_Y,https://www.youtube.com/watch?v=LDUw3-PaA_Y
LF8Ql_zrqPc,https://www.youtube.com/watch?v=LF8Ql_zrqPc
LHonGzutENg,https://www.youtube.com/watch?v=LHonGzutENg
LMd__WoCXwU,https://www.youtube.com/watch?v=LMd__WoCXwU
LMhJLXuJV9o,https://www.youtube.com/watch?v=LMhJLXuJV9o
LOBsAyuAOF8,https://www.youtube.com/watch?v=LOBsAyuAOF8
LOcputTIs7I,https://www.youtube.com/watch?v=LOcputTIs7I
LW6f-M2LJkU,https://www.youtube.com/watch?v=LW6f-M2LJkU
L_IPvLOm4nM,https://www.youtube.com/watch?v=L_IPvLOm4nM
L_a_Y4x6xTs,https://www.youtube.com/watch?v=L_a_Y4x6xTs
LeU3p_m4rVc,https://www.youtube.com/watch?v=LeU3p_m4rVc
Lei-ns-2ZLs,https://www.youtube.com/watch?v=Lei-ns-2ZLs
LkOnmoPtYqA,https://www.youtube.com/watch?v=LkOnmoPtYqA
LlduwuEkjxo,https://www.youtube.com/watch?v=LlduwuEkjxo
Lmo6R65x7lo,https://www.youtube.com/watch?v=Lmo6R65x7lo
M2cjbiEz-6c,https://www.youtube.com/watch?v=M2cjbiEz-6c
M93ThasXaZQ,https://www.youtube.com/watch?v=M93ThasXaZQ
MBmsY88g-WQ,https://www.youtube.com/watch?v=MBmsY88g-WQ
MGvhDetI8A0,https://www.youtube.com/watch?v=MGvhDetI8A0
MObloyjatF0,https://www.youtube.com/watch?v=MObloyjatF0
MPEcFJA1eHY,https://www.youtube.com/watch?v=MPEcFJA1eHY
MT6Eq4voBq4,https://www.youtube.com/watch?v=MT6Eq4voBq4
MWxJ9BvNwO4,https://www.youtube.com/watch?v=MWxJ9BvNwO4
M_Grzmyvgdw,https://www.youtube.com/watch?v=M_Grzmyvgdw
MjYpWHMHVDI,https://www.youtube.com/watch?v=MjYpWHMHVDI
Mkw3sLuZwNE,https://www.youtube.com/watch?v=Mkw3sLuZwNE
MnuGxOb6D1I,https://www.youtube.com/watch?v=MnuGxOb6D1I
MyuUTn-x_2Q,https://www.youtube.com/watch?v=MyuUTn-x_2Q
N60BAV-IPx8,https://www.youtube.com/watch?v=N60BAV-IPx8
N6PbqSzM5cU,https://www.youtube.com/watch?v=N6PbqSzM5cU
N7MUM694RKE,https://www.youtube.com/watch?v=N7MUM694RKE
N8rr_JpLoro,https://www.youtube.com/watch?v=N8rr_JpLoro
N9Jn39njktc,https://www.youtube.com/watch?v=N9Jn39njktc
ND-8UaC3sVs,https://www.youtube.com/watch?v=ND-8UaC3sVs
NFvZtFL37lc,https://www.youtube.com/watch?v=NFvZtFL37lc
NL1UZQKKX8o,https://www.youtube.com/watch?v=NL1UZQKKX8o
NMidd46U9p8,https://www.youtube.com/watch?v=NMidd46U9p8
NMs7qGkdirA,https://www.youtube.com/watch?v=NMs7qGkdirA
NOVHQfMEzYQ,https://www.youtube.com/watch?v=NOVHQfMEzYQ
NR-O-p_Gi5Q,https://www.youtube.com/watch?v=NR-O-p_Gi5Q
NSlGdrblX70,https://www.youtube.com/watch?v=NSlGdrblX70
NSxaoOAV8q4,https://www.youtube.com/watch?v=NSxaoOAV8q4
NXjVSDpZzBQ,https://www.youtube.com/watch?v=NXjVSDpZzBQ
NczfOOsYl48,https://www.youtube.com/watch?v=NczfOOsYl48
NgKxWL8I8sM,https://www.youtube.com/watch?v=NgKxWL8I8sM
NkUjgF8cy70,https://www.youtube.com/watch?v=NkUjgF8cy70
NoHD74vFRrU,https://www.youtube.com/watch?v=NoHD74vFRrU
Nsy-haSLPts,https://www.youtube.com/watch?v=Nsy-haSLPts
NtnwUX9AEro,https://www.youtube.com/watch?v=NtnwUX9AEro
NvvqkyZOnwQ,https://www.youtube.com/watch?v=NvvqkyZOnwQ
NwJVdWB7w9I,https://www.youtube.com/watch?v=NwJVdWB7w9I
O--hpnInciA,https://www.youtube.com/watch?v=O--hpnInciA
O2ua5G3-oLg,https://www.youtube.com/watch?v=O2ua5G3-oLg
O97lWOcdWyY,https://www.youtube.com/watch?v=O97lWOcdWyY
O98BGbdBw2U,https://www.youtube.com/watch?v=O98BGbdBw2U
OAaj4TqP4WI,https://www.youtube.com/watch?v=OAaj4TqP4WI
ODAv4krbs4Y,https://www.youtube.com/watch?v=ODAv4krbs4Y
OH3NSI-cc3c,https://www.youtube.com/watch?v=OH3NSI-cc3c
OJWbXkmmo-c,https://www.youtube.com/watch?v=OJWbXkmmo-c
OLqmfQg5NN4,https://www.youtube.com/watch?v=OLqmfQg5NN4
ONLWCllzs4Y,https://www.youtube.com/watch?v=ONLWCllzs4Y
OPAwumc4hZI,https://www.youtube.com/watch?v=OPAwumc4hZI
OZ3zaOngs_E,https://www.youtube.com/watch?v=OZ3zaOngs_E
Oc8nDiDnHNs,https://www.youtube.com/watch?v=Oc8nDiDnHNs
OcvEMgAlgbA,https://www.youtube.com/watch?v=OcvEMgAlgbA
Of1L2l7Bgsg,https://www.youtube.com/watch?v=Of1L2l7Bgsg
OheedtDJ9A0,https://www.youtube.com/watch?v=OheedtDJ9A0
OmhGVPBATTY,https://www.youtube.com/watch?v=OmhGVPBATTY
OpGere8X54k,https://www.youtube.com/watch?v=OpGere8X54k
Oy2Cuzb1Jsg,https://www.youtube.com/watch?v=Oy2Cuzb1Jsg
P1LKHOKDAhA,https://www.youtube.com/watch?v=P1LKHOKDAhA
P3GTbYJoX_g,https://www.youtube.com/watch?v=P3GTbYJoX_g
P4tP0Vsk8Es,https://www.youtube.com/watch?v=P4tP0Vsk8Es
P5QLVO82OI8,https://www.youtube.com/watch?v=P5QLVO82OI8
P8zCfTsUsz8,https://www.youtube.com/watch?v=P8zCfTsUsz8
PAM21_zZvnY,https://www.youtube.com/watch?v=PAM21_zZvnY
PDfD9Cf6VZo,https://www.youtube.com/watch?v=PDfD9Cf6VZo
PFQP-GJrMpc,https://www.youtube.com/watch?v=PFQP-GJrMpc
PFpmT5w3GM4,https://www.youtube.com/watch?v=PFpmT5w3GM4
PHQJifEIEZE,https://www.youtube.com/watch?v=PHQJifEIEZE
POsfwWfBckk,https://www.youtube.com/watch?v=POsfwWfBckk
PS72dWN5gPg,https://www.youtube.com/watch?v=PS72dWN5gPg
PTnwuTdm7pM,https://www.youtube.com/watch?v=PTnwuTdm7pM
PXVKurAhBXU,https://www.youtube.com/watch?v=PXVKurAhBXU
P_NOe61HFuk,https://www.youtube.com/watch?v=P_NOe61HFuk
PcQZTx-waB4,https://www.youtube.com/watch?v=PcQZTx-waB4
PijU7UXcJU4,https://www.youtube.com/watch?v=PijU7UXcJU4
PjaxMWr8hes,https://www.youtube.com/watch?v=PjaxMWr8hes
Pv_jel4iZHc,https://www.youtube.com/watch?v=Pv_jel4iZHc
Pyfp8OKgkBc,https://www.youtube.com/watch?v=Pyfp8OKgkBc
QAvou5A_KRw,https://www.youtube.com/watch?v=QAvou5A_KRw
QBiH6iGFcws,https://www.youtube.com/watch?v=QBiH6iGFcws
QIDTZesuYT4,https://www.youtube.com/watch?v=QIDTZesuYT4
QP9Yw_jjOGQ,https://www.youtube.com/watch?v=QP9Yw_jjOGQ
QW1V6i26UzA,https://www.youtube.com/watch?v=QW1V6i26UzA
QZXbMx16Swo,https://www.youtube.com/watch?v=QZXbMx16Swo
QcI39mfmCBU,https://www.youtube.com/watch?v=QcI39mfmCBU
QguII_4ycy4,https://www.youtube.com/watch?v=QguII_4ycy4
QhUXGjazLx8,https://www.youtube.com/watch?v=QhUXGjazLx8
QiJxBWIm49g,https://www.youtube.com/watch?v=QiJxBWIm49g
QiaDv1LfG2w,https://www.youtube.com/watch?v=QiaDv1LfG2w
QlBzMT4754Y,https://www.youtube.com/watch?v=QlBzMT4754Y
Qq1T2Cyg9dI,https://www.youtube.com/watch?v=Qq1T2Cyg9dI
QuTuIYJ2OII,https://www.youtube.com/watch?v=QuTuIYJ2OII
QyX6WnfhebY,https://www.youtube.com/watch?v=QyX6WnfhebY
R75MSLtGS_U,https://www.youtube.com/watch?v=R75MSLtGS_U
RAus6ydsi1M,https://www.youtube.com/watch?v=RAus6ydsi1M
RDnab_2rBGo,https://www.youtube.com/watch?v=RDnab_2rBGo
RGa01SYMAs4,https://www.youtube.com/watch?v=RGa01SYMAs4
RJ0CI0z6_rc,https://www.youtube.com/watch?v=RJ0CI0z6_rc
RM6sQiQqltw,https://www.youtube.com/watch?v=RM6sQiQqltw
RXzoxB2F-vA,https://www.youtube.com/watch?v=RXzoxB2F-vA
RZs_ab4goI0,https://www.youtube.com/watch?v=RZs_ab4goI0
R_e3Ualz-No,https://www.youtube.com/watch?v=R_e3Ualz-No
R_tdgJ7vvI0,https://www.youtube.com/watch?v=R_tdgJ7vvI0
RfFZaBoXLXA,https://www.youtube.com/watch?v=RfFZaBoXLXA
RkV46Gq7RuE,https://www.youtube.com/watch?v=RkV46Gq7RuE
Rl79l4USkdM,https://www.youtube.com/watch?v=Rl79l4USkdM
Rmqu-kEZ288,https://www.youtube.com/watch?v=Rmqu-kEZ288
RpHdnTifOXA,https://www.youtube.com/watch?v=RpHdnTifOXA
RpkMfB_RRq0,https://www.youtube.com/watch?v=RpkMfB_RRq0
S3Ccarn5lOE,https://www.youtube.com/watch?v=S3Ccarn5lOE
S9X2LHYgxaA,https://www.youtube.com/watch?v=S9X2LHYgxaA
SCQCWSBJaQI,https://www.youtube.com/watch?v=SCQCWSBJaQI
SKo130KTXQo,https://www.youtube.com/watch?v=SKo130KTXQo
SNFopw-03XU,https://www.youtube.com/watch?v=SNFopw-03XU
SSweEUIQvZ8,https://www.youtube.com/watch?v=SSweEUIQvZ8
STBOep-Ru2I,https://www.youtube.com/watch?v=STBOep-Ru2I
S_lgeeYcIh8,https://www.youtube.com/watch?v=S_lgeeYcIh8
SfKYsDNHHq8,https://www.youtube.com/watch?v=SfKYsDNHHq8
SjDqIRreYbQ,https://www.youtube.com/watch?v=SjDqIRreYbQ
SskgAqiOsIs,https://www.youtube.com/watch?v=SskgAqiOsIs
T4RPTd0lKmQ,https://www.youtube.com/watch?v=T4RPTd0lKmQ
TCtIIxhq4t4,https://www.youtube.com/watch?v=TCtIIxhq4t4
TM12f-DoFDY,https://www.youtube.com/watch?v=TM12f-DoFDY
Ta6kP_cnNSA,https://www.youtube.com/watch?v=Ta6kP_cnNSA
Ta7vmym9vQQ,https://www.youtube.com/watch?v=Ta7vmym9vQQ
TbQ6m5ov6Vk,https://www.youtube.com/watch?v=TbQ6m5ov6Vk
TnXrXA9oMS0,https://www.youtube.com/watch?v=TnXrXA9oMS0
U210Vg7ikiA,https://www.youtube.com/watch?v=U210Vg7ikiA
U72X1nF2ZLI,https://www.youtube.com/watch?v=U72X1nF2ZLI
UByc-pLQP-4,https://www.youtube.com/watch?v=UByc-pLQP-4
UCwDTeKwYdI,https://www.youtube.com/watch?v=UCwDTeKwYdI
UEZb79SvQt8,https://www.youtube.com/watch?v=UEZb79SvQt8
UI3L7BAhBck,https://www.youtube.com/watch?v=UI3L7BAhBck
UKK8C56J1ko,https://www.youtube.com/watch?v=UKK8C56J1ko
UP5kRgsqhlA,https://www.youtube.com/watch?v=UP5kRgsqhlA
UT0a504rXqU,https://www.youtube.com/watch?v=UT0a504rXqU
UVlqd5A5rrs,https://www.youtube.com/watch?v=UVlqd5A5rrs
UWAyMQ6uhrY,https://www.youtube.com/watch?v=UWAyMQ6uhrY
UXsmfW7dv6I,https://www.youtube.com/watch?v=UXsmfW7dv6I
UZ90ibm_PIQ,https://www.youtube.com/watch?v=UZ90ibm_PIQ
UcivX-5ZDMY,https://www.youtube.com/watch?v=UcivX-5ZDMY
UihWQKs9BCw,https://www.youtube.com/watch?v=UihWQKs9BCw
Uivhy4xoQ_Y,https://www.youtube.com/watch?v=Uivhy4xoQ_Y
UwCnTJhdHho,https://www.youtube.com/watch?v=UwCnTJhdHho
UzxeZUqQKXc,https://www.youtube.com/watch?v=UzxeZUqQKXc
V3hTK09OeUk,https://www.youtube.com/watch?v=V3hTK09OeUk
VAbYSisI4EI,https://www.youtube.com/watch?v=VAbYSisI4EI
VF3xGSXelRc,https://www.youtube.com/watch?v=VF3xGSXelRc
VI9s2XGL6zE,https://www.youtube.com/watch?v=VI9s2XGL6zE
VRNoO8B83L0,https://www.youtube.com/watch?v=VRNoO8B83L0
VUCbQgYJLPM,https://www.youtube.com/watch?v=VUCbQgYJLPM
VZ_wMfczir8,https://www.youtube.com/watch?v=VZ_wMfczir8
VcMlfENoWBI,https://www.youtube.com/watch?v=VcMlfENoWBI
Vhk3Pncxlo0,https://www.youtube.com/watch?v=Vhk3Pncxlo0
Vj-mnHhQkUY,https://www.youtube.com/watch?v=Vj-mnHhQkUY
Vkg9KjadK-g,https://www.youtube.com/watch?v=Vkg9KjadK-g
Vpf3r9sFnr8,https://www.youtube.com/watch?v=Vpf3r9sFnr8
W1nypCF0MiQ,https://www.youtube.com/watch?v=W1nypCF0MiQ
W1w1qJV7o1k,https://www.youtube.com/watch?v=W1w1qJV7o1k
W3dcjpJgrdY,https://www.youtube.com/watch?v=W3dcjpJgrdY
WFuvRLLaXoU,https://www.youtube.com/watch?v=WFuvRLLaXoU
WGnCS32iriU,https://www.youtube.com/watch?v=WGnCS32iriU
WeBhNYEAgaQ,https://www.youtube.com/watch?v=WeBhNYEAgaQ
WhKde9R9br8,https://www.youtube.com/watch?v=WhKde9R9br8
Wml3u6OGrTU,https://www.youtube.com/watch?v=Wml3u6OGrTU
Wny8mx8sblQ,https://www.youtube.com/watch?v=Wny8mx8sblQ
WqhrOtb-yrc,https://www.youtube.com/watch?v=WqhrOtb-yrc
Wwzu4G2tH2I,https://www.youtube.com/watch?v=Wwzu4G2tH2I
X020uvCGuN8,https://www.youtube.com/watch?v=X020uvCGuN8
X0Mdff7hk7I,https://www.youtube.com/watch?v=X0Mdff7hk7I
X0Y1Ql09CXY,https://www.youtube.com/watch?v=X0Y1Ql09CXY
X7-Has1Ftug,https://www.youtube.com/watch?v=X7-Has1Ftug
X7KG24g_krY,https://www.youtube.com/watch?v=X7KG24g_krY
XIjb49E9dp0,https://www.youtube.com/watch?v=XIjb49E9dp0
XMMOUauKsRg,https://www.youtube.com/watch?v=XMMOUauKsRg
XNR-fQA6DX8,https://www.youtube.com/watch?v=XNR-fQA6DX8
XTNhLo2rwV8,https://www.youtube.com/watch?v=XTNhLo2rwV8
XU7P9fm3--8,https://www.youtube.com/watch?v=XU7P9fm3--8
Xa0xMv0zSmY,https://www.youtube.com/watch?v=Xa0xMv0zSmY
Xgm3_zW2tKc,https://www.youtube.com/watch?v=Xgm3_zW2tKc
Xjz7C67ox8g,https://www.youtube.com/watch?v=Xjz7C67ox8g
Xl5lW9I1F60,https://www.youtube.com/watch?v=Xl5lW9I1F60
XomlwH-EBf8,https://www.youtube.com/watch?v=XomlwH-EBf8
Xy0XB8te5z8,https://www.youtube.com/watch?v=Xy0XB8te5z8
Xzjowt-i5_c,https://www.youtube.com/watch?v=Xzjowt-i5_c
XzjvPiP0dLc,https://www.youtube.com/watch?v=XzjvPiP0dLc
Y4SwD_-uBjE,https://www.youtube.com/watch?v=Y4SwD_-uBjE
Y4i5ehumFQY,https://www.youtube.com/watch?v=Y4i5ehumFQY
YEueYhiptQY,https://www.youtube.com/watch?v=YEueYhiptQY
YIGfToduQnM,https://www.youtube.com/watch?v=YIGfToduQnM
Ygruwy1Kq9k,https://www.youtube.com/watch?v=Ygruwy1Kq9k
Yj0nmOoLXTY,https://www.youtube.com/watch?v=Yj0nmOoLXTY
YjDt6mpVm_E,https://www.youtube.com/watch?v=YjDt6mpVm_E
Yp1Ni5tGv04,https://www.youtube.com/watch?v=Yp1Ni5tGv04
YyIit16We-4,https://www.youtube.com/watch?v=YyIit16We-4
ZS-PQmWCCWI,https://www.youtube.com/watch?v=ZS-PQmWCCWI
ZSjgZ5_e13w,https://www.youtube.com/watch?v=ZSjgZ5_e13w
ZYCoHqp8HMA,https://www.youtube.com/watch?v=ZYCoHqp8HMA
Z_3pP92QwRQ,https://www.youtube.com/watch?v=Z_3pP92QwRQ
Z_ZVoDtqNqI,https://www.youtube.com/watch?v=Z_ZVoDtqNqI
ZaJSu8AuZXA,https://www.youtube.com/watch?v=ZaJSu8AuZXA
ZbAiQy5vnWw,https://www.youtube.com/watch?v=ZbAiQy5vnWw
ZmYYU0po7r0,https://www.youtube.com/watch?v=ZmYYU0po7r0
ZoLz2JVnRkI,https://www.youtube.com/watch?v=ZoLz2JVnRkI
Zs1-cNPKfAM,https://www.youtube.com/watch?v=Zs1-cNPKfAM
ZvQiEaguIRs,https://www.youtube.com/watch?v=ZvQiEaguIRs
Zymeyux2pR0,https://www.youtube.com/watch?v=Zymeyux2pR0
_-Yiggd43_w,https://www.youtube.com/watch?v=_-Yiggd43_w
_1YCMScOwJs,https://www.youtube.com/watch?v=_1YCMScOwJs
_7f2nyXDftI,https://www.youtube.com/watch?v=_7f2nyXDftI
_CRQKVYbWGA,https://www.youtube.com/watch?v=_CRQKVYbWGA
_LmA42H0b0M,https://www.youtube.com/watch?v=_LmA42H0b0M
_UgoyJ9QCTc,https://www.youtube.com/watch?v=_UgoyJ9QCTc
_aPlGBNKQ6E,https://www.youtube.com/watch?v=_aPlGBNKQ6E
_b2E0DpSVes,https://www.youtube.com/watch?v=_b2E0DpSVes
_m9Ur2OSJ4U,https://www.youtube.com/watch?v=_m9Ur2OSJ4U
_p-KDLY305s,https://www.youtube.com/watch?v=_p-KDLY305s
_qjB0uDw5Wg,https://www.youtube.com/watch?v=_qjB0uDw5Wg
_rBAZDyc1ck,https://www.youtube.com/watch?v=_rBAZDyc1ck
_xIew44lemg,https://www.youtube.com/watch?v=_xIew44lemg
_yrIkrvi9Lo,https://www.youtube.com/watch?v=_yrIkrvi9Lo
a2unSPJNyNA,https://www.youtube.com/watch?v=a2unSPJNyNA
a5xJ8cn0gpA,https://www.youtube.com/watch?v=a5xJ8cn0gpA
a8yWR4Et5B8,https://www.youtube.com/watch?v=a8yWR4Et5B8
aJ3xnT4tcOw,https://www.youtube.com/watch?v=aJ3xnT4tcOw
aKtuc5AqCkM,https://www.youtube.com/watch?v=aKtuc5AqCkM
aLwgxJJ4ocM,https://www.youtube.com/watch?v=aLwgxJJ4ocM
aSxK23c-nLA,https://www.youtube.com/watch?v=aSxK23c-nLA
aTZQShUMIGY,https://www.youtube.com/watch?v=aTZQShUMIGY
aaSUxR8MI94,https://www.youtube.com/watch?v=aaSUxR8MI94
af4J3yYvs9o,https://www.youtube.com/watch?v=af4J3yYvs9o
alQa501EflA,https://www.youtube.com/watch?v=alQa501EflA
am6xDj2l-KE,https://www.youtube.com/watch?v=am6xDj2l-KE
anIFMdQ0UF0,https://www.youtube.com/watch?v=anIFMdQ0UF0
avH9uS7AhbM,https://www.youtube.com/watch?v=avH9uS7AhbM
b10OiAIYze0,https://www.youtube.com/watch?v=b10OiAIYze0
b3c9sv1RgBw,https://www.youtube.com/watch?v=b3c9sv1RgBw
b97yHfafOn0,https://www.youtube.com/watch?v=b97yHfafOn0
bAbUqn4rf60,https://www.youtube.com/watch?v=bAbUqn4rf60
bDGkGbYI7JU,https://www.youtube.com/watch?v=bDGkGbYI7JU
bIVnRY6rKqs,https://www.youtube.com/watch?v=bIVnRY6rKqs
bJPfIlUmpEE,https://www.youtube.com/watch?v=bJPfIlUmpEE
bK-ERAvRBVQ,https://www.youtube.com/watch?v=bK-ERAvRBVQ
bMCLQdagzWs,https://www.youtube.com/watch?v=bMCLQdagzWs
bP87AvBoOPs,https://www.youtube.com/watch?v=bP87AvBoOPs
bVVpmG8-gpk,https://www.youtube.com/watch?v=bVVpmG8-gpk
bW6Chde6nu0,https://www.youtube.com/watch?v=bW6Chde6nu0
bauZ8mRVeT4,https://www.youtube.com/watch?v=bauZ8mRVeT4
be1Sz_G7KXU,https://www.youtube.com/watch?v=be1Sz_G7KXU
bpuwUGoeftQ,https://www.youtube.com/watch?v=bpuwUGoeftQ
c6UH_zw_dIs,https://www.youtube.com/watch?v=c6UH_zw_dIs
c7sKleg2-m4,https://www.youtube.com/watch?v=c7sKleg2-m4
cApPN9r8hxM,https://www.youtube.com/watch?v=cApPN9r8hxM
cBRIVprpUmI,https://www.youtube.com/watch?v=cBRIVprpUmI
cBUCzGMBojQ,https://www.youtube.com/watch?v=cBUCzGMBojQ
cFtflb6Vwu8,https://www.youtube.com/watch?v=cFtflb6Vwu8
cKCdTj7W3iQ,https://www.youtube.com/watch?v=cKCdTj7W3iQ
cL2e_meYxCM,https://www.youtube.com/watch?v=cL2e_meYxCM
cPM9MQTTOkA,https://www.youtube.com/watch?v=cPM9MQTTOkA
cT6fzHEs8q8,https://www.youtube.com/watch?v=cT6fzHEs8q8
cWL2_Ri4KCw,https://www.youtube.com/watch?v=cWL2_Ri4KCw
cZ5ANFrr1Nw,https://www.youtube.com/watch?v=cZ5ANFrr1Nw
c_EwiBTTjbE,https://www.youtube.com/watch?v=c_EwiBTTjbE
caEbkj5PZkA,https://www.youtube.com/watch?v=caEbkj5PZkA
cbzd57ng354,https://www.youtube.com/watch?v=cbzd57ng354
cdlh_XaOPgY,https://www.youtube.com/watch?v=cdlh_XaOPgY
ch_sru-hjEk,https://www.youtube.com/watch?v=ch_sru-hjEk
ck_gJYAnbC0,https://www.youtube.com/watch?v=ck_gJYAnbC0
cnqJZ5LIurQ,https://www.youtube.com/watch?v=cnqJZ5LIurQ
cwIQ3BhGBxw,https://www.youtube.com/watch?v=cwIQ3BhGBxw
d-4kCXNUuo8,https://www.youtube.com/watch?v=d-4kCXNUuo8
d2-P4ra6M_8,https://www.youtube.com/watch?v=d2-P4ra6M_8
d6kh4jXGLCY,https://www.youtube.com/watch?v=d6kh4jXGLCY
dAwMzcFT0s8,https://www.youtube.com/watch?v=dAwMzcFT0s8
dGUUjjNTYrs,https://www.youtube.com/watch?v=dGUUjjNTYrs
dGXcecOTUvE,https://www.youtube.com/watch?v=dGXcecOTUvE
dH4yMJCfkD8,https://www.youtube.com/watch?v=dH4yMJCfkD8
dI_J96UlRdA,https://www.youtube.com/watch?v=dI_J96UlRdA
dKbe2UXPYfE,https://www.youtube.com/watch?v=dKbe2UXPYfE
dOTdkGDfFsY,https://www.youtube.com/watch?v=dOTdkGDfFsY
dTc8PKo0MZY,https://www.youtube.com/watch?v=dTc8PKo0MZY
dYSHe2fw2r8,https://www.youtube.com/watch?v=dYSHe2fw2r8
dYs4PoIJZQk,https://www.youtube.com/watch?v=dYs4PoIJZQk
dc8xA-AC-Os,https://www.youtube.com/watch?v=dc8xA-AC-Os
dcXa6jIQkQ8,https://www.youtube.com/watch?v=dcXa6jIQkQ8
dgZOtPHuyaQ,https://www.youtube.com/watch?v=dgZOtPHuyaQ
dsnHKWDvBAs,https://www.youtube.com/watch?v=dsnHKWDvBAs
e4AvoreJE6s,https://www.youtube.com/watch?v=e4AvoreJE6s
e6T3a4tEvB8,https://www.youtube.com/watch?v=e6T3a4tEvB8
eBVOCjWIgmc,https://www.youtube.com/watch?v=eBVOCjWIgmc
eCdDTPA_sRg,https://www.youtube.com/watch?v=eCdDTPA_sRg
eDnvtzbhNT0,https://www.youtube.com/watch?v=eDnvtzbhNT0
eEUygSvsc2M,https://www.youtube.com/watch?v=eEUygSvsc2M
eHkQZ8xkGZM,https://www.youtube.com/watch?v=eHkQZ8xkGZM
eJGsPuMMiuM,https://www.youtube.com/watch?v=eJGsPuMMiuM
eMcGX_GQcmA,https://www.youtube.com/watch?v=eMcGX_GQcmA
eN9M31N5O-E,https://www.youtube.com/watch?v=eN9M31N5O-E
ePiqO00KALY,https://www.youtube.com/watch?v=ePiqO00KALY
eWsaNxD4R7s,https://www.youtube.com/watch?v=eWsaNxD4R7s
eYdbWs4nMT8,https://www.youtube.com/watch?v=eYdbWs4nMT8
emJDthZ9ioo,https://www.youtube.com/watch?v=emJDthZ9ioo
eqJRSkk_UqA,https://www.youtube.com/watch?v=eqJRSkk_UqA
eqm7Z35NKqw,https://www.youtube.com/watch?v=eqm7Z35NKqw
ev-sU0ylJhg,https://www.youtube.com/watch?v=ev-sU0ylJhg
exGDLbRPcS8,https://www.youtube.com/watch?v=exGDLbRPcS8
f7nnPD9QGQE,https://www.youtube.com/watch?v=f7nnPD9QGQE
fC-HlXdsXBw,https://www.youtube.com/watch?v=fC-HlXdsXBw
fDZMKi2fbfg,https://www.youtube.com/watch?v=fDZMKi2fbfg
fG8pCyOh0Ug,https://www.youtube.com/watch?v=fG8pCyOh0Ug
fY7VFSYJt-A,https://www.youtube.com/watch?v=fY7VFSYJt-A
fdyug0_U-yI,https://www.youtube.com/watch?v=fdyug0_U-yI
fhErwhebikM,https://www.youtube.com/watch?v=fhErwhebikM
fnT70Bu5Sc0,https://www.youtube.com/watch?v=fnT70Bu5Sc0
fx6suQuXEGs,https://www.youtube.com/watch?v=fx6suQuXEGs
g06tq_dNWWI,https://www.youtube.com/watch?v=g06tq_dNWWI
g0BrqWhOQzo,https://www.youtube.com/watch?v=g0BrqWhOQzo
g6wjTUBdY0A,https://www.youtube.com/watch?v=g6wjTUBdY0A
g7A6i_lpRGI,https://www.youtube.com/watch?v=g7A6i_lpRGI
g7mH0bqlFms,https://www.youtube.com/watch?v=g7mH0bqlFms
gDL3vtFtqiU,https://www.youtube.com/watch?v=gDL3vtFtqiU
gFlutwr0DuE,https://www.youtube.com/watch?v=gFlutwr0DuE
gGpUFvZheHc,https://www.youtube.com/watch?v=gGpUFvZheHc
gKALG_mvaDw,https://www.youtube.com/watch?v=gKALG_mvaDw
gKZibEnxmhU,https://www.youtube.com/watch?v=gKZibEnxmhU
gLn24AJBx8k,https://www.youtube.com/watch?v=gLn24AJBx8k
gOmGswC91lg,https://www.youtube.com/watch?v=gOmGswC91lg
gSQUs_ZqLEo,https://www.youtube.com/watch?v=gSQUs_ZqLEo
gTwhlFUDGLA,https://www.youtube.com/watch?v=gTwhlFUDGLA
gVdox6gB1uU,https://www.youtube.com/watch?v=gVdox6gB1uU
gWUIc5BztaA,https://www.youtube.com/watch?v=gWUIc5BztaA
gYtEauWCv-8,https://www.youtube.com/watch?v=gYtEauWCv-8
gqPWjVcWAEk,https://www.youtube.com/watch?v=gqPWjVcWAEk
gqsQceUicgI,https://www.youtube.com/watch?v=gqsQceUicgI
h2Gq9ZXToVc,https://www.youtube.com/watch?v=h2Gq9ZXToVc
h5_fHizG7ys,https://www.youtube.com/watch?v=h5_fHizG7ys
h8DKGQdhG3U,https://www.youtube.com/watch?v=h8DKGQdhG3U
hGFG9nhAS1U,https://www.youtube.com/watch?v=hGFG9nhAS1U
hQXkNlnbszQ,https://www.youtube.com/watch?v=hQXkNlnbszQ
hY90r2kiAkE,https://www.youtube.com/watch?v=hY90r2kiAkE
hZzGwJtyoHo,https://www.youtube.com/watch?v=hZzGwJtyoHo
hap_xEQpivQ,https://www.youtube.com/watch?v=hap_xEQpivQ
hdzhyLOvcVI,https://www.youtube.com/watch?v=hdzhyLOvcVI
hg0F0u-VK-4,https://www.youtube.com/watch?v=hg0F0u-VK-4
hjZhYf8LlYg,https://www.youtube.com/watch?v=hjZhYf8LlYg
hk87ZdLEbOQ,https://www.youtube.com/watch?v=hk87ZdLEbOQ
hkL_6-cnMlI,https://www.youtube.com/watch?v=hkL_6-cnMlI
hl7vp0X_f3I,https://www.youtube.com/watch?v=hl7vp0X_f3I
honrieP3VYI,https://www.youtube.com/watch?v=honrieP3VYI
hsjg0y5UX_E,https://www.youtube.com/watch?v=hsjg0y5UX_E
huXqMvhSP5c,https://www.youtube.com/watch?v=huXqMvhSP5c
hwFj244UiS8,https://www.youtube.com/watch?v=hwFj244UiS8
i18RklXZMfk,https://www.youtube.com/watch?v=i18RklXZMfk
i3t8mVDnK0U,https://www.youtube.com/watch?v=i3t8mVDnK0U
i6UGrUahTcg,https://www.youtube.com/watch?v=i6UGrUahTcg
i91JslRBgqg,https://www.youtube.com/watch?v=i91JslRBgqg
i9OHMQomDT0,https://www.youtube.com/watch?v=i9OHMQomDT0
iKNlwZ12x6U,https://www.youtube.com/watch?v=iKNlwZ12x6U
iNtEPQ0pVTM,https://www.youtube.com/watch?v=iNtEPQ0pVTM
iONevl7KV88,https://www.youtube.com/watch?v=iONevl7KV88
iYLkUoK0S1M,https://www.youtube.com/watch?v=iYLkUoK0S1M
iZNl2ixNvOE,https://www.youtube.com/watch?v=iZNl2ixNvOE
iaL-WMy6ZGU,https://www.youtube.com/watch?v=iaL-WMy6ZGU
ieTujadlovM,https://www.youtube.com/watch?v=ieTujadlovM
iixxPHYOLU8,https://www.youtube.com/watch?v=iixxPHYOLU8
ikrneUptEU0,https://www.youtube.com/watch?v=ikrneUptEU0
ilqZ2HVWdzE,https://www.youtube.com/watch?v=ilqZ2HVWdzE
io8Gv1tWhk4,https://www.youtube.com/watch?v=io8Gv1tWhk4
iqBPbeUuvGE,https://www.youtube.com/watch?v=iqBPbeUuvGE
ivrXR1xrrdM,https://www.youtube.com/watch?v=ivrXR1xrrdM
izf8FS3TSJQ,https://www.youtube.com/watch?v=izf8FS3TSJQ
j2BNvCl6evU,https://www.youtube.com/watch?v=j2BNvCl6evU
j3CJ_flrMro,https://www.youtube.com/watch?v=j3CJ_flrMro
j6CF7DAYROY,https://www.youtube.com/watch?v=j6CF7DAYROY
j8qe-ob4h98,https://www.youtube.com/watch?v=j8qe-ob4h98
jHh1-5Hz4Jk,https://www.youtube.com/watch?v=jHh1-5Hz4Jk
jU8E9ftgkJg,https://www.youtube.com/watch?v=jU8E9ftgkJg
jY5Bm5NP2g4,https://www.youtube.com/watch?v=jY5Bm5NP2g4
jZmWO4TKw6c,https://www.youtube.com/watch?v=jZmWO4TKw6c
jjJGkUa3KrQ,https://www.youtube.com/watch?v=jjJGkUa3KrQ
jkDYTwU7jTw,https://www.youtube.com/watch?v=jkDYTwU7jTw
jmbbtO27bpI,https://www.youtube.com/watch?v=jmbbtO27bpI
jtdUdNlurWs,https://www.youtube.com/watch?v=jtdUdNlurWs
jzS_2zItbAI,https://www.youtube.com/watch?v=jzS_2zItbAI
k81fM0nATlM,https://www.youtube.com/watch?v=k81fM0nATlM
k81ok_geQeM,https://www.youtube.com/watch?v=k81ok_geQeM
k9Xma000zKs,https://www.youtube.com/watch?v=k9Xma000zKs
kD64SxX3UhA,https://www.youtube.com/watch?v=kD64SxX3UhA
kHFxASvRBF8,https://www.youtube.com/watch?v=kHFxASvRBF8
kNqQFFgoOKE,https://www.youtube.com/watch?v=kNqQFFgoOKE
kZeggaqmxcw,https://www.youtube.com/watch?v=kZeggaqmxcw
kezGvnt2tlk,https://www.youtube.com/watch?v=kezGvnt2tlk
krhceNw9C58,https://www.youtube.com/watch?v=krhceNw9C58
ktkvef6loFo,https://www.youtube.com/watch?v=ktkvef6loFo
ktqYab82_tM,https://www.youtube.com/watch?v=ktqYab82_tM
kvH8pkQbnbM,https://www.youtube.com/watch?v=kvH8pkQbnbM
kxBSOeXeJ-E,https://www.youtube.com/watch?v=kxBSOeXeJ-E
kyyvdxUQUGo,https://www.youtube.com/watch?v=kyyvdxUQUGo
l21obX-RTPA,https://www.youtube.com/watch?v=l21obX-RTPA
l4Be9Y3eMVM,https://www.youtube.com/watch?v=l4Be9Y3eMVM
lCIOIVA4t-E,https://www.youtube.com/watch?v=lCIOIVA4t-E
lEFnZ9Jof-c,https://www.youtube.com/watch?v=lEFnZ9Jof-c
lIFmpDHpddE,https://www.youtube.com/watch?v=lIFmpDHpddE
lIJSbHPkjLI,https://www.youtube.com/watch?v=lIJSbHPkjLI
lIZLUqf3wRo,https://www.youtube.com/watch?v=lIZLUqf3wRo
lM7CXSyknEI,https://www.youtube.com/watch?v=lM7CXSyknEI
lMgzBP9M748,https://www.youtube.com/watch?v=lMgzBP9M748
lQwtf4eXGkA,https://www.youtube.com/watch?v=lQwtf4eXGkA
lRoj8QSD5qw,https://www.youtube.com/watch?v=lRoj8QSD5qw
lWgSI5lMfRc,https://www.youtube.com/watch?v=lWgSI5lMfRc
lboWXBaLwsQ,https://www.youtube.com/watch?v=lboWXBaLwsQ
lj8dETBfRkI,https://www.youtube.com/watch?v=lj8dETBfRkI
lkjmI0ag3o8,https://www.youtube.com/watch?v=lkjmI0ag3o8
lmzFmEpkgbY,https://www.youtube.com/watch?v=lmzFmEpkgbY
lqY0p4qqmi4,https://www.youtube.com/watch?v=lqY0p4qqmi4
luh-WgP7DsI,https://www.youtube.com/watch?v=luh-WgP7DsI
lzCIvRBVJZg,https://www.youtube.com/watch?v=lzCIvRBVJZg
m-gX3XLkfCc,https://www.youtube.com/watch?v=m-gX3XLkfCc
m14lMRea23k,https://www.youtube.com/watch?v=m14lMRea23k
m4BzbRPqGgQ,https://www.youtube.com/watch?v=m4BzbRPqGgQ
m4ttj3sWXBc,https://www.youtube.com/watch?v=m4ttj3sWXBc
m6AwVcAPZCY,https://www.youtube.com/watch?v=m6AwVcAPZCY
m7tmGMqVK1Y,https://www.youtube.com/watch?v=m7tmGMqVK1Y
m8zJwNYSD24,https://www.youtube.com/watch?v=m8zJwNYSD24
mACktVW_7kE,https://www.youtube.com/watch?v=mACktVW_7kE
mALH-_LbGYg,https://www.youtube.com/watch?v=mALH-_LbGYg
mG7ByReadRE,https://www.youtube.com/watch?v=mG7ByReadRE
mIN_pJYX-Dg,https://www.youtube.com/watch?v=mIN_pJYX-Dg
mLgr86tPHIA,https://www.youtube.com/watch?v=mLgr86tPHIA
mT6aEHPU9-g,https://www.youtube.com/watch?v=mT6aEHPU9-g
mUSIcmOHrHk,https://www.youtube.com/watch?v=mUSIcmOHrHk
mb1htWWVM5g,https://www.youtube.com/watch?v=mb1htWWVM5g
mciEryGvUjg,https://www.youtube.com/watch?v=mciEryGvUjg
molTCR9I3ZM,https://www.youtube.com/watch?v=molTCR9I3ZM
mtyNfqpw8VE,https://www.youtube.com/watch?v=mtyNfqpw8VE
myfB3kyvPos,https://www.youtube.com/watch?v=myfB3kyvPos
n-QJRVOi1ro,https://www.youtube.com/watch?v=n-QJRVOi1ro
n1e0-BM_V1A,https://www.youtube.com/watch?v=n1e0-BM_V1A
n5V8OXpWT3A,https://www.youtube.com/watch?v=n5V8OXpWT3A
nAkV9oOZaz0,https://www.youtube.com/watch?v=nAkV9oOZaz0
nAvtU0kQBnw,https://www.youtube.com/watch?v=nAvtU0kQBnw
nEeIPMLjqtI,https://www.youtube.com/watch?v=nEeIPMLjqtI
nNGN0gj4Ifc,https://www.youtube.com/watch?v=nNGN0gj4Ifc
nOSDWusDCYg,https://www.youtube.com/watch?v=nOSDWusDCYg
nVVHBPMHCm4,https://www.youtube.com/watch?v=nVVHBPMHCm4
nXShmJpIJI4,https://www.youtube.com/watch?v=nXShmJpIJI4
nZh6_trI1to,https://www.youtube.com/watch?v=nZh6_trI1to
n_Itk6z82oM,https://www.youtube.com/watch?v=n_Itk6z82oM
n_gWUsVmAUg,https://www.youtube.com/watch?v=n_gWUsVmAUg
n_vJyyhFBz0,https://www.youtube.com/watch?v=n_vJyyhFBz0
n_yQakwAowo,https://www.youtube.com/watch?v=n_yQakwAowo
ncFs3NDG4yA,https://www.youtube.com/watch?v=ncFs3NDG4yA
nhN761EMggo,https://www.youtube.com/watch?v=nhN761EMggo
nxpVllnaHnE,https://www.youtube.com/watch?v=nxpVllnaHnE
nzr0qqh5MJQ,https://www.youtube.com/watch?v=nzr0qqh5MJQ
o1p1EjlOVuI,https://www.youtube.com/watch?v=o1p1EjlOVuI
o35AsEVtqVU,https://www.youtube.com/watch?v=o35AsEVtqVU
o3HQkivN6-0,https://www.youtube.com/watch?v=o3HQkivN6-0
o6-5hzMAzU8,https://www.youtube.com/watch?v=o6-5hzMAzU8
o6oaez-H12U,https://www.youtube.com/watch?v=o6oaez-H12U
oDRNoGJdphE,https://www.youtube.com/watch?v=oDRNoGJdphE
oGL7L7hanmM,https://www.youtube.com/watch?v=oGL7L7hanmM
oI8FkkPwyD8,https://www.youtube.com/watch?v=oI8FkkPwyD8
oSDDQcNk-GQ,https://www.youtube.com/watch?v=oSDDQcNk-GQ
oTHRaoI9O04,https://www.youtube.com/watch?v=oTHRaoI9O04
o_ZUTeakJiI,https://www.youtube.com/watch?v=o_ZUTeakJiI
oaZhuNs6hTk,https://www.youtube.com/watch?v=oaZhuNs6hTk
ohxZUAiZl6Y,https://www.youtube.com/watch?v=ohxZUAiZl6Y
oiKpJFKHwUI,https://www.youtube.com/watch?v=oiKpJFKHwUI
osI5KfD7fNU,https://www.youtube.com/watch?v=osI5KfD7fNU
p-a37nHzsRQ,https://www.youtube.com/watch?v=p-a37nHzsRQ
pAn3pH-DWpw,https://www.youtube.com/watch?v=pAn3pH-DWpw
pEK347IIxWA,https://www.youtube.com/watch?v=pEK347IIxWA
pFOyx8rnF9E,https://www.youtube.com/watch?v=pFOyx8rnF9E
pJJATt1ic9s,https://www.youtube.com/watch?v=pJJATt1ic9s
pJuHCyI1bHg,https://www.youtube.com/watch?v=pJuHCyI1bHg
pLnHwu5Hjvc,https://www.youtube.com/watch?v=pLnHwu5Hjvc
pNrZIuOQvhs,https://www.youtube.com/watch?v=pNrZIuOQvhs
pR3wzGR7a1s,https://www.youtube.com/watch?v=pR3wzGR7a1s
pVj7i60fTss,https://www.youtube.com/watch?v=pVj7i60fTss
pWEylH5zV-0,https://www.youtube.com/watch?v=pWEylH5zV-0
pXl0bx2RrQw,https://www.youtube.com/watch?v=pXl0bx2RrQw
pYr6-64Bp24,https://www.youtube.com/watch?v=pYr6-64Bp24
p_Qb0LD2Pqs,https://www.youtube.com/watch?v=p_Qb0LD2Pqs
pngO4Z3DLco,https://www.youtube.com/watch?v=pngO4Z3DLco
ptQaki2wi5s,https://www.youtube.com/watch?v=ptQaki2wi5s
q3p6G6nLXOU,https://www.youtube.com/watch?v=q3p6G6nLXOU
q5XBsJotGOU,https://www.youtube.com/watch?v=q5XBsJotGOU
q73DtFg8UR4,https://www.youtube.com/watch?v=q73DtFg8UR4
qA3J_Xgbr1Y,https://www.youtube.com/watch?v=qA3J_Xgbr1Y
qAJWWuzanJE,https://www.youtube.com/watch?v=qAJWWuzanJE
qHtwjBtnUe8,https://www.youtube.com/watch?v=qHtwjBtnUe8
qLn_y2Svv_s,https://www.youtube.com/watch?v=qLn_y2Svv_s
qQa5nA_GGSw,https://www.youtube.com/watch?v=qQa5nA_GGSw
qYtQWVGwCcQ,https://www.youtube.com/watch?v=qYtQWVGwCcQ
qa6Vrx-wJoQ,https://www.youtube.com/watch?v=qa6Vrx-wJoQ
qcMkD62HErQ,https://www.youtube.com/watch?v=qcMkD62HErQ
qhUg9DHv8uA,https://www.youtube.com/watch?v=qhUg9DHv8uA
qktmpIa65Vc,https://www.youtube.com/watch?v=qktmpIa65Vc
qn_z8J00ngM,https://www.youtube.com/watch?v=qn_z8J00ngM
qooQ7U3jMiA,https://www.youtube.com/watch?v=qooQ7U3jMiA
qrC-U3SklOs,https://www.youtube.com/watch?v=qrC-U3SklOs
qwCbd1wpVP8,https://www.youtube.com/watch?v=qwCbd1wpVP8
qz_3dsRzApk,https://www.youtube.com/watch?v=qz_3dsRzApk
r4M-pwr8z7Y,https://www.youtube.com/watch?v=r4M-pwr8z7Y
r4QyAZT2D5I,https://www.youtube.com/watch?v=r4QyAZT2D5I
r7_cEA_PS9g,https://www.youtube.com/watch?v=r7_cEA_PS9g
r7_vJl5Gf2w,https://www.youtube.com/watch?v=r7_vJl5Gf2w
r9Z2dkcY0Gs,https://www.youtube.com/watch?v=r9Z2dkcY0Gs
rH9SDYep4Fw,https://www.youtube.com/watch?v=rH9SDYep4Fw
rJgpoq_BmnM,https://www.youtube.com/watch?v=rJgpoq_BmnM
rMRgFReiJCo,https://www.youtube.com/watch?v=rMRgFReiJCo
rMiJiktYzLI,https://www.youtube.com/watch?v=rMiJiktYzLI
rRI8WE6Uwzo,https://www.youtube.com/watch?v=rRI8WE6Uwzo
rWrobm2xR1k,https://www.youtube.com/watch?v=rWrobm2xR1k
rYec-xjGk7I,https://www.youtube.com/watch?v=rYec-xjGk7I
rfhpQBQY8RY,https://www.youtube.com/watch?v=rfhpQBQY8RY
rh7fqyOJrlw,https://www.youtube.com/watch?v=rh7fqyOJrlw
ri5T-1B6DpA,https://www.youtube.com/watch?v=ri5T-1B6DpA
rk1DVLgn9z8,https://www.youtube.com/watch?v=rk1DVLgn9z8
rm_DOTqTJFY,https://www.youtube.com/watch?v=rm_DOTqTJFY
rvhB0doL2OY,https://www.youtube.com/watch?v=rvhB0doL2OY
rw6V6nnMfto,https://www.youtube.com/watch?v=rw6V6nnMfto
ryCItujoJkc,https://www.youtube.com/watch?v=ryCItujoJkc
s0b8BNqUcIQ,https://www.youtube.com/watch?v=s0b8BNqUcIQ
sBLZ9r7QJFs,https://www.youtube.com/watch?v=sBLZ9r7QJFs
sMbDwjAcSV0,https://www.youtube.com/watch?v=sMbDwjAcSV0
sT2010VoH0Q,https://www.youtube.com/watch?v=sT2010VoH0Q
sUsN6OmhVag,https://www.youtube.com/watch?v=sUsN6OmhVag
s_OUzzoDSRE,https://www.youtube.com/watch?v=s_OUzzoDSRE
s_oQ--9d-Ks,https://www.youtube.com/watch?v=s_oQ--9d-Ks
s_xBLPC82h8,https://www.youtube.com/watch?v=s_xBLPC82h8
sb6rxKOIBdU,https://www.youtube.com/watch?v=sb6rxKOIBdU
sdVzjwdysoM,https://www.youtube.com/watch?v=sdVzjwdysoM
se3OPYfKO_E,https://www.youtube.com/watch?v=se3OPYfKO_E
sgc1EaNQ0Kw,https://www.youtube.com/watch?v=sgc1EaNQ0Kw
shb1tjPShJs,https://www.youtube.com/watch?v=shb1tjPShJs
slhp8WPW_aQ,https://www.youtube.com/watch?v=slhp8WPW_aQ
stBEdR0gYB4,https://www.youtube.com/watch?v=stBEdR0gYB4
svPVqobOtNw,https://www.youtube.com/watch?v=svPVqobOtNw
svhpW9_mWIM,https://www.youtube.com/watch?v=svhpW9_mWIM
sw7r-FgjAe0,https://www.youtube.com/watch?v=sw7r-FgjAe0
t2bVigL1bP4,https://www.youtube.com/watch?v=t2bVigL1bP4
t3CWnzMsXGs,https://www.youtube.com/watch?v=t3CWnzMsXGs
t8OjlQnuQyk,https://www.youtube.com/watch?v=t8OjlQnuQyk
tB7PM-FaQ3Y,https://www.youtube.com/watch?v=tB7PM-FaQ3Y
tBN4DSQrGsM,https://www.youtube.com/watch?v=tBN4DSQrGsM
tIsKNGOGwZo,https://www.youtube.com/watch?v=tIsKNGOGwZo
tLfnEB5CIEY,https://www.youtube.com/watch?v=tLfnEB5CIEY
tM3RU6ixauc,https://www.youtube.com/watch?v=tM3RU6ixauc
tPR3o-_9_WU,https://www.youtube.com/watch?v=tPR3o-_9_WU
tQRYNC4inis,https://www.youtube.com/watch?v=tQRYNC4inis
tWdcQp0uqqE,https://www.youtube.com/watch?v=tWdcQp0uqqE
tXoFxWK8pEc,https://www.youtube.com/watch?v=tXoFxWK8pEc
tlQJ6dcKdSU,https://www.youtube.com/watch?v=tlQJ6dcKdSU
tlS0EsFZGKY,https://www.youtube.com/watch?v=tlS0EsFZGKY
toz_4iYToRU,https://www.youtube.com/watch?v=toz_4iYToRU
tpGyNNFX6Zs,https://www.youtube.com/watch?v=tpGyNNFX6Zs
tsYqEVwQR3Q,https://www.youtube.com/watch?v=tsYqEVwQR3Q
tvTz0MHfGCE,https://www.youtube.com/watch?v=tvTz0MHfGCE
tvvWT7GmKKU,https://www.youtube.com/watch?v=tvvWT7GmKKU
tz60w14JjRY,https://www.youtube.com/watch?v=tz60w14JjRY
u0H_9QAHrgk,https://www.youtube.com/watch?v=u0H_9QAHrgk
u4EBdSoYxg0,https://www.youtube.com/watch?v=u4EBdSoYxg0
u6u3AD4aK_E,https://www.youtube.com/watch?v=u6u3AD4aK_E
u86utuBKnyQ,https://www.youtube.com/watch?v=u86utuBKnyQ
u9maPdcUaDI,https://www.youtube.com/watch?v=u9maPdcUaDI
uChsF11mVNc,https://www.youtube.com/watch?v=uChsF11mVNc
uE8oPFoi8vU,https://www.youtube.com/watch?v=uE8oPFoi8vU
uEUe415-r80,https://www.youtube.com/watch?v=uEUe415-r80
uJTaV5lMUYI,https://www.youtube.com/watch?v=uJTaV5lMUYI
uJ_OclsNDJg,https://www.youtube.com/watch?v=uJ_OclsNDJg
uJnzYPgL8zY,https://www.youtube.com/watch?v=uJnzYPgL8zY
uKJYB3Y3beE,https://www.youtube.com/watch?v=uKJYB3Y3beE
uUQj9kTVkTw,https://www.youtube.com/watch?v=uUQj9kTVkTw
u_W_1nXkndM,https://www.youtube.com/watch?v=u_W_1nXkndM
uacoYuHOvpM,https://www.youtube.com/watch?v=uacoYuHOvpM
ubBCyfodyOg,https://www.youtube.com/watch?v=ubBCyfodyOg
ubnrVmdAolk,https://www.youtube.com/watch?v=ubnrVmdAolk
uh1EYcX35Qc,https://www.youtube.com/watch?v=uh1EYcX35Qc
upoYyIPSwJk,https://www.youtube.com/watch?v=upoYyIPSwJk
uueOQDHw1pQ,https://www.youtube.com/watch?v=uueOQDHw1pQ
v4XKBkf4rzE,https://www.youtube.com/watch?v=v4XKBkf4rzE
vFUyBAAtE0Y,https://www.youtube.com/watch?v=vFUyBAAtE0Y
vMe3mIKeOUM,https://www.youtube.com/watch?v=vMe3mIKeOUM
vUnKgqjviE8,https://www.youtube.com/watch?v=vUnKgqjviE8
vYCZ60BYtBY,https://www.youtube.com/watch?v=vYCZ60BYtBY
vg-NiTtOzPM,https://www.youtube.com/watch?v=vg-NiTtOzPM
vgTKCuWcM84,https://www.youtube.com/watch?v=vgTKCuWcM84
vi8ctw24jZs,https://www.youtube.com/watch?v=vi8ctw24jZs
vqYqU4xaps0,https://www.youtube.com/watch?v=vqYqU4xaps0
w-27_gUFFho,https://www.youtube.com/watch?v=w-27_gUFFho
w170qnCzgOE,https://www.youtube.com/watch?v=w170qnCzgOE
wAD4VSMT6Fo,https://www.youtube.com/watch?v=wAD4VSMT6Fo
wJYYB4wnzNw,https://www.youtube.com/watch?v=wJYYB4wnzNw
wLR0crYMXUk,https://www.youtube.com/watch?v=wLR0crYMXUk
wMapr4WfDhc,https://www.youtube.com/watch?v=wMapr4WfDhc
wOJWTpzUM4A,https://www.youtube.com/watch?v=wOJWTpzUM4A
wXK7hgS4O7I,https://www.youtube.com/watch?v=wXK7hgS4O7I
wh32_WUxYjw,https://www.youtube.com/watch?v=wh32_WUxYjw
wsbca3kfyLw,https://www.youtube.com/watch?v=wsbca3kfyLw
wtwQ2-TSbDM,https://www.youtube.com/watch?v=wtwQ2-TSbDM
wyUTnMxQokU,https://www.youtube.com/watch?v=wyUTnMxQokU
x-SllxA6RJc,https://www.youtube.com/watch?v=x-SllxA6RJc
x0GPx6SJON4,https://www.youtube.com/watch?v=x0GPx6SJON4
x5XynNhOdpE,https://www.youtube.com/watch?v=x5XynNhOdpE
x8HmLqfismU,https://www.youtube.com/watch?v=x8HmLqfismU
x8bo7hXE1fU,https://www.youtube.com/watch?v=x8bo7hXE1fU
xCA1mQtzCI0,https://www.youtube.com/watch?v=xCA1mQtzCI0
xHq0O0cFTgc,https://www.youtube.com/watch?v=xHq0O0cFTgc
xIHGrc56Y-M,https://www.youtube.com/watch?v=xIHGrc56Y-M
xMrPhHN1oWM,https://www.youtube.com/watch?v=xMrPhHN1oWM
xXJIqqnTv_k,https://www.youtube.com/watch?v=xXJIqqnTv_k
xa7Hsh9DF6M,https://www.youtube.com/watch?v=xa7Hsh9DF6M
xdJ3FQXTZ4g,https://www.youtube.com/watch?v=xdJ3FQXTZ4g
xegGMB6lsc4,https://www.youtube.com/watch?v=xegGMB6lsc4
xje5hypGYWU,https://www.youtube.com/watch?v=xje5hypGYWU
xjzesk9koE0,https://www.youtube.com/watch?v=xjzesk9koE0
xuYKgsoWEqM,https://www.youtube.com/watch?v=xuYKgsoWEqM
xvqs0zOaOmY,https://www.youtube.com/watch?v=xvqs0zOaOmY
y-nR7zcDioI,https://www.youtube.com/watch?v=y-nR7zcDioI
y9AmovbqjlI,https://www.youtube.com/watch?v=y9AmovbqjlI
yAH294JaAqM,https://www.youtube.com/watch?v=yAH294JaAqM
yCRMJe6uLxk,https://www.youtube.com/watch?v=yCRMJe6uLxk
yEuvMF77ODA,https://www.youtube.com/watch?v=yEuvMF77ODA
yJsVU5jTQHw,https://www.youtube.com/watch?v=yJsVU5jTQHw
yh-4nJK2xCM,https://www.youtube.com/watch?v=yh-4nJK2xCM
yhOvPcPCf5M,https://www.youtube.com/watch?v=yhOvPcPCf5M
ymV8GktpI5c,https://www.youtube.com/watch?v=ymV8GktpI5c
yvzFOnbmiSc,https://www.youtube.com/watch?v=yvzFOnbmiSc
z5khvHT6reI,https://www.youtube.com/watch?v=z5khvHT6reI
z6zFY221zXM,https://www.youtube.com/watch?v=z6zFY221zXM
z9LjiQueq3U,https://www.youtube.com/watch?v=z9LjiQueq3U
zDh3b3Xglxc,https://www.youtube.com/watch?v=zDh3b3Xglxc
zG-zX5hAtuY,https://www.youtube.com/watch?v=zG-zX5hAtuY
zIJzpAQnmIs,https://www.youtube.com/watch?v=zIJzpAQnmIs
zJN79mqeiEQ,https://www.youtube.com/watch?v=zJN79mqeiEQ
zS5CIJdIZSw,https://www.youtube.com/watch?v=zS5CIJdIZSw
zU6zrl_4-NE,https://www.youtube.com/watch?v=zU6zrl_4-NE
z_1xpAlLl8w,https://www.youtube.com/watch?v=z_1xpAlLl8w
zacBZc8fhtU,https://www.youtube.com/watch?v=zacBZc8fhtU
zb0_89AdXUA,https://www.youtube.com/watch?v=zb0_89AdXUA
zcbQr6kCVfg,https://www.youtube.com/watch?v=zcbQr6kCVfg
zecVwBHJrJ4,https://www.youtube.com/watch?v=zecVwBHJrJ4
ziNSER0j0lU,https://www.youtube.com/watch?v=ziNSER0j0lU
zjkWJBj-mLI,https://www.youtube.com/watch?v=zjkWJBj-mLI
zloIfANJnxw,https://www.youtube.com/watch?v=zloIfANJnxw
zm5v9BRKWwg,https://www.youtube.com/watch?v=zm5v9BRKWwg
zmlI3aMnSew,https://www.youtube.com/watch?v=zmlI3aMnSew
zqzFP_4JGYM,https://www.youtube.com/watch?v=zqzFP_4JGYM
ztBhboHpJko,https://www.youtube.com/watch?v=ztBhboHpJko
ztal_wYKQqs,https://www.youtube.com/watch?v=ztal_wYKQqs
zufNXsMP7rc,https://www.youtube.com/watch?v=zufNXsMP7rc
zydBQdUiHQQ,https://www.youtube.com/watch?v=zydBQdUiHQQ
zzG2-o1xAQ0,https://www.youtube.com/watch?v=zzG2-o1xAQ0
